City,Description
Amsterdam,"Known for its picturesque canals, bike-friendly streets, vibrant cultural scene, and plenty of museums, parks, and historic architecture."
Athens,"A city steeped in history, with ancient ruins like the Parthenon, lively street markets, and a Mediterranean climate perfect for outdoor exploration."
Barcelona,"Famous for its unique architecture by Antoni Gaudí, vibrant beaches, and Mediterranean atmosphere, offering a mix of adventure, art, and outdoor activities."
Berlin,"A modern cultural hub with a rich history, creative energy, diverse nightlife, and landmarks like the Berlin Wall and Brandenburg Gate."
Bratislava,"A charming Old Town, proximity to the Danube River, and a mix of historical landmarks and beautiful scenery for a quiet yet culturally rich experience."
Brussels,"The capital of the European Union, known for medieval architecture, diverse cuisine, political significance, and a vibrant cultural scene."
Budapest,"Known for thermal baths, historic castles, vibrant nightlife, and a mix of relaxation and adventure, offering both history and modern energy."
Copenhagen,"A city that combines modern design, historic charm, and a laid-back atmosphere, perfect for cycling, exploring local cuisine, and enjoying green spaces."
Dublin,"Rich in literary history and Irish culture, Dublin is known for landmarks like Trinity College and St. Patrick’s Cathedral, with a lively pub culture."
Edinburgh,"Famous for its dramatic castles, ancient streets, and festivals, perfect for history lovers, art enthusiasts, and city exploration."
Geneva,"A global city with a high quality of life, picturesque views of the Alps and Lake Geneva, and a place of tranquility, culture, and diplomacy."
Hamburg,"A vibrant port city with a rich maritime history, known for its vibrant nightlife, museums, green spaces, and dynamic urban atmosphere."
Helsinki,"A city combining contemporary design with nature, offering green spaces, modern architecture, and a relaxed pace of life."
Krakow,"Famous for medieval architecture, vibrant markets, and charming streets, Krakow is steeped in culture and history with nearby historical sites."
Lisbon,"A coastal city with warm weather, cobblestone streets, and a vibrant food scene, offering history, seafood, and ocean relaxation."
Ljubljana,"A charming, green city with an impressive castle, pedestrian-friendly streets, and a relaxed pace, perfect for outdoor activities and local food."
London,"A global city offering a blend of history, culture, modern energy, landmarks like Big Ben, and a diverse dining scene and nightlife."
Luxembourg,"A small, safe, and picturesque city known for medieval fortifications, lush greenery, and a mix of French and German cultures."
Lyon,"Known as the culinary capital of France, Lyon offers a blend of history, culture, and gastronomy, with its world-class restaurants and historic old town."
Madrid,"Spain’s vibrant capital with art museums, lively plazas, historic sites, cultural exploration, and dynamic nightlife."
Milan,"Italy’s fashion and design capital, Milan is a modern, stylish city with shopping, fine dining, and landmarks like the Duomo Cathedral and the Last Supper."
Munich,"Known for its beer gardens, Oktoberfest, rich history, and a mix of tradition and modernity, with plenty of outdoor activities in parks and green spaces."
Oporto,"Known for its wine, Porto is a beautiful coastal city with historic architecture, scenic views, and a relaxed atmosphere perfect for cultural exploration."
Oslo,"Surrounded by natural beauty, Oslo offers access to forests, fjords, and outdoor activities along with a vibrant cultural scene and modern architecture."
Paris,"Iconic for its mix of history, culture, fashion, landmarks like the Eiffel Tower, and world-class museums, with a timeless allure."
Prague,"Known for fairytale-like architecture and rich history, Prague offers beautiful views, medieval castles, and a vibrant cultural scene perfect for history lovers."
Rome,"Steeped in ancient history, Rome offers landmarks like the Colosseum and Vatican City, ideal for history buffs and Mediterranean cuisine lovers."
Stockholm,"A city spread across several islands, known for its design, innovation, green spaces, and outdoor activities, perfect for those who enjoy modern living."
Vienna,"Known for classical music, historic architecture, vibrant cafes, and rich cultural heritage, making it perfect for art lovers and those seeking elegance."
Warsaw,"A dynamic city with a mix of modern buildings and historical sites, ideal for exploring history, culture, and vibrant city life."
Zurich,"A global financial hub with cleanliness, efficiency, high quality of life, beautiful views of Lake Zurich, art galleries, and a sophisticated atmosphere."
